{"cameraMode":{"drawMode":0,"name":"Shaded","section":"Shading Mode"},"sceneLighting":false,"audioPlay":false,"sceneViewState":{"showFog":true,"showMaterialUpdate":false,"showSkybox":true,"showFlares":true,"showImageEffects":true,"showParticleSystems":true},"in2DMode":false,"pivot":{"x":-0.2628767490386963,"y":0.9570062756538391,"z":1.5427136421203614},"rotation":{"x":-0.2073250263929367,"y":0.11473939567804337,"z":-0.024522265419363977,"w":-0.9712464213371277},"size":84.14370727539063,"orthographic":false}