{"cameraMode":{"drawMode":0,"name":"Shaded","section":"Shading Mode"},"sceneLighting":false,"audioPlay":false,"sceneViewState":{"showFog":true,"showMaterialUpdate":false,"showSkybox":true,"showFlares":true,"showImageEffects":true,"showParticleSystems":true},"in2DMode":false,"pivot":{"x":2.595952033996582,"y":1.6856968402862549,"z":-35.43144989013672},"rotation":{"x":-0.16217701137065888,"y":0.15647417306900025,"z":-0.026057614013552667,"w":-0.9739547371864319},"size":98.56364440917969,"orthographic":false}