{"cameraMode":{"drawMode":0,"name":"Shaded","section":"Shading Mode"},"sceneLighting":false,"audioPlay":false,"sceneViewState":{"showFog":true,"showMaterialUpdate":false,"showSkybox":true,"showFlares":true,"showImageEffects":true,"showParticleSystems":true},"in2DMode":false,"pivot":{"x":2.595952033996582,"y":1.6856968402862549,"z":-35.43144989013672},"rotation":{"x":-0.22338752448558808,"y":0.46721023321151736,"z":-0.12329483777284622,"w":-0.8465585112571716},"size":8.37923812866211,"orthographic":false}