{"cameraMode":{"drawMode":0,"name":"Shaded","section":"Shading Mode"},"sceneLighting":false,"audioPlay":false,"sceneViewState":{"showFog":true,"showMaterialUpdate":false,"showSkybox":true,"showFlares":true,"showImageEffects":true,"showParticleSystems":true},"in2DMode":false,"pivot":{"x":12.919230461120606,"y":-24.364154815673829,"z":5.460845947265625},"rotation":{"x":-0.2682777941226959,"y":-0.0963333249092102,"z":0.026970358565449716,"w":-0.9581635594367981},"size":83.06907653808594,"orthographic":false}