{"cameraMode":{"drawMode":0,"name":"Shaded","section":"Shading Mode"},"sceneLighting":false,"audioPlay":false,"sceneViewState":{"showFog":true,"showMaterialUpdate":false,"showSkybox":true,"showFlares":true,"showImageEffects":true,"showParticleSystems":true},"in2DMode":false,"pivot":{"x":-0.2628767490386963,"y":0.9570062756538391,"z":1.5427136421203614},"rotation":{"x":-0.2831166684627533,"y":0.2909046709537506,"z":-0.09059682488441467,"w":-0.9094395041465759},"size":24.349794387817384,"orthographic":false}