{"cameraMode":{"drawMode":0,"name":"Shaded","section":"Shading Mode"},"sceneLighting":false,"audioPlay":false,"sceneViewState":{"showFog":true,"showMaterialUpdate":false,"showSkybox":true,"showFlares":true,"showImageEffects":true,"showParticleSystems":true},"in2DMode":false,"pivot":{"x":-22.00439453125,"y":17.32305145263672,"z":10.078269958496094},"rotation":{"x":0.03145809844136238,"y":0.04825333133339882,"z":0.001521465484984219,"w":-0.9983421564102173},"size":114.2243881225586,"orthographic":false}