{"cameraMode":{"drawMode":0,"name":"Shaded","section":"Shading Mode"},"sceneLighting":false,"audioPlay":false,"sceneViewState":{"showFog":true,"showMaterialUpdate":false,"showSkybox":true,"showFlares":true,"showImageEffects":true,"showParticleSystems":true},"in2DMode":false,"pivot":{"x":-0.2628767490386963,"y":0.9570062756538391,"z":1.5427136421203614},"rotation":{"x":-0.12930026650428773,"y":-0.49891164898872378,"z":0.07553734630346298,"w":-0.8536455035209656},"size":6.017019748687744,"orthographic":false}