{"cameraMode":{"drawMode":0,"name":"Shaded","section":"Shading Mode"},"sceneLighting":false,"audioPlay":false,"sceneViewState":{"showFog":true,"showMaterialUpdate":false,"showSkybox":false,"showFlares":true,"showImageEffects":true,"showParticleSystems":true},"in2DMode":false,"pivot":{"x":7.270254611968994,"y":0.5967453718185425,"z":8.293254852294922},"rotation":{"x":0.3330305218696594,"y":-0.3846103847026825,"z":0.1511259377002716,"w":0.8475556969642639},"size":2.507550001144409,"orthographic":false}