{"cameraMode":{"drawMode":0,"name":"Shaded","section":"Shading Mode"},"sceneLighting":true,"audioPlay":false,"sceneViewState":{"showFog":true,"showMaterialUpdate":false,"showSkybox":true,"showFlares":true,"showImageEffects":true,"showParticleSystems":true},"in2DMode":false,"pivot":{"x":-1.1780000925064088,"y":-2.462416648864746,"z":-5.800991058349609},"rotation":{"x":0.18874439597129823,"y":-0.016222842037677766,"z":0.0030283054802566768,"w":0.9819427728652954},"size":65.62152862548828,"orthographic":false}