{"cameraMode":{"drawMode":0,"name":"Shaded","section":"Shading Mode"},"sceneLighting":false,"audioPlay":false,"sceneViewState":{"showFog":true,"showMaterialUpdate":false,"showSkybox":false,"showFlares":true,"showImageEffects":true,"showParticleSystems":true},"in2DMode":false,"pivot":{"x":0.020645856857299806,"y":-1.0354504585266114,"z":2.1273298263549806},"rotation":{"x":0.35204577445983889,"y":-0.6467234492301941,"z":0.5043480396270752,"w":0.4512556493282318},"size":6.668179035186768,"orthographic":false}