{"cameraMode":{"drawMode":0,"name":"Shaded","section":"Shading Mode"},"sceneLighting":false,"audioPlay":false,"sceneViewState":{"showFog":true,"showMaterialUpdate":false,"showSkybox":false,"showFlares":true,"showImageEffects":true,"showParticleSystems":true},"in2DMode":false,"pivot":{"x":-1.159999966621399,"y":0.9809999465942383,"z":-45.220001220703128},"rotation":{"x":0.06068601459264755,"y":-0.08198308199644089,"z":0.0047147017903625969,"w":0.9949363470077515},"size":4.327907085418701,"orthographic":false}