{"cameraMode":{"drawMode":0,"name":"Shaded","section":"Shading Mode"},"sceneLighting":false,"audioPlay":false,"sceneViewState":{"showFog":true,"showMaterialUpdate":false,"showSkybox":false,"showFlares":true,"showImageEffects":true,"showParticleSystems":true},"in2DMode":false,"pivot":{"x":2.1808481216430666,"y":1.358093023300171,"z":-30.57158851623535},"rotation":{"x":-0.025732969865202905,"y":-0.955985963344574,"z":0.27884653210639956,"w":-0.08828050643205643},"size":5.177041053771973,"orthographic":false}