{"cameraMode":{"drawMode":0,"name":"Shaded","section":"Shading Mode"},"sceneLighting":true,"audioPlay":false,"sceneViewState":{"showFog":true,"showMaterialUpdate":false,"showSkybox":true,"showFlares":true,"showImageEffects":true,"showParticleSystems":true},"in2DMode":false,"pivot":{"x":4.361453056335449,"y":-5.388564109802246,"z":-19.67322540283203},"rotation":{"x":-0.20636369287967683,"y":-0.16438408195972444,"z":0.0351981446146965,"w":-0.9639556407928467},"size":41.3529167175293,"orthographic":false}