{"cameraMode":{"drawMode":0,"name":"Shaded","section":"Shading Mode"},"sceneLighting":true,"audioPlay":false,"sceneViewState":{"showFog":true,"showMaterialUpdate":false,"showSkybox":true,"showFlares":true,"showImageEffects":true,"showParticleSystems":true},"in2DMode":false,"pivot":{"x":-6.99888801574707,"y":-6.39171028137207,"z":6.114583969116211},"rotation":{"x":-0.18862009048461915,"y":0.8015167713165283,"z":-0.4652203917503357,"w":-0.3249870240688324},"size":29.375591278076173,"orthographic":false}