{"cameraMode":{"drawMode":0,"name":"Shaded","section":"Shading Mode"},"sceneLighting":true,"audioPlay":false,"sceneViewState":{"showFog":true,"showMaterialUpdate":false,"showSkybox":true,"showFlares":true,"showImageEffects":true,"showParticleSystems":true},"in2DMode":false,"pivot":{"x":6.25,"y":-0.10139870643615723,"z":-25.68000030517578},"rotation":{"x":0.14686551690101624,"y":0.49267861247062685,"z":-0.08477430045604706,"w":0.8535380363464356},"size":10.399434089660645,"orthographic":false}