{"cameraMode":{"drawMode":0,"name":"Shaded","section":"Shading Mode"},"sceneLighting":false,"audioPlay":false,"sceneViewState":{"showFog":true,"showMaterialUpdate":false,"showSkybox":false,"showFlares":true,"showImageEffects":true,"showParticleSystems":true},"in2DMode":false,"pivot":{"x":4.435213565826416,"y":0.5967453718185425,"z":-4.950624465942383},"rotation":{"x":0.24124199151992799,"y":0.1552237570285797,"z":-0.039369430392980579,"w":0.9573202729225159},"size":2.5059006214141847,"orthographic":false}