{"cameraMode":{"drawMode":0,"name":"Shaded","section":"Shading Mode"},"sceneLighting":false,"audioPlay":false,"sceneViewState":{"showFog":true,"showMaterialUpdate":false,"showSkybox":false,"showFlares":true,"showImageEffects":true,"showParticleSystems":true},"in2DMode":false,"pivot":{"x":9.488371849060059,"y":0.04121685028076172,"z":-43.596168518066409},"rotation":{"x":0.09629876911640167,"y":-0.7131248116493225,"z":0.09950372576713562,"w":0.6874445676803589},"size":10.668020248413086,"orthographic":false}