{"cameraMode":{"drawMode":0,"name":"Shaded","section":"Shading Mode"},"sceneLighting":false,"audioPlay":false,"sceneViewState":{"showFog":true,"showMaterialUpdate":false,"showSkybox":false,"showFlares":true,"showImageEffects":true,"showParticleSystems":true},"in2DMode":false,"pivot":{"x":12.947957992553711,"y":0.09181344509124756,"z":-43.71723937988281},"rotation":{"x":0.20118030905723573,"y":-0.6514796614646912,"z":0.1851109266281128,"w":0.707761287689209},"size":10.871907234191895,"orthographic":false}