{"cameraMode":{"drawMode":0,"name":"Shaded","section":"Shading Mode"},"sceneLighting":false,"audioPlay":false,"sceneViewState":{"showFog":true,"showMaterialUpdate":false,"showSkybox":true,"showFlares":true,"showImageEffects":true,"showParticleSystems":true},"in2DMode":false,"pivot":{"x":-2.6949048042297365,"y":-8.657598495483399,"z":22.18585968017578},"rotation":{"x":0.14867950975894929,"y":-0.0474625863134861,"z":0.0071028489619493488,"w":0.9877920150756836},"size":107.19461059570313,"orthographic":false}