{"cameraMode":{"drawMode":0,"name":"Shaded","section":"Shading Mode"},"sceneLighting":false,"audioPlay":false,"sceneViewState":{"showFog":true,"showMaterialUpdate":false,"showSkybox":false,"showFlares":true,"showImageEffects":true,"showParticleSystems":true},"in2DMode":false,"pivot":{"x":6.190000057220459,"y":0.4964534640312195,"z":-3.050297737121582},"rotation":{"x":0.19059674441814423,"y":0.30494725704193118,"z":-0.06235956400632858,"w":0.9310894012451172},"size":1.941563367843628,"orthographic":false}