{"cameraMode":{"drawMode":0,"name":"Shaded","section":"Shading Mode"},"sceneLighting":true,"audioPlay":false,"sceneViewState":{"showFog":true,"showMaterialUpdate":false,"showSkybox":true,"showFlares":true,"showImageEffects":true,"showParticleSystems":true},"in2DMode":false,"pivot":{"x":0.6738872528076172,"y":-5.458592414855957,"z":-37.808311462402347},"rotation":{"x":0.37401527166366579,"y":-0.34881484508514407,"z":0.15409187972545625,"w":0.845533013343811},"size":23.135629653930665,"orthographic":false}