{"cameraMode":{"drawMode":0,"name":"Shaded","section":"Shading Mode"},"sceneLighting":true,"audioPlay":false,"sceneViewState":{"showFog":true,"showMaterialUpdate":false,"showSkybox":true,"showFlares":true,"showImageEffects":true,"showParticleSystems":true},"in2DMode":false,"pivot":{"x":0.3293449878692627,"y":0.9801496267318726,"z":-41.55265808105469},"rotation":{"x":0.02859431877732277,"y":0.23177531361579896,"z":-0.006813574582338333,"w":0.9723444581031799},"size":10.689669609069825,"orthographic":false}