{"cameraMode":{"drawMode":0,"name":"Shaded","section":"Shading Mode"},"sceneLighting":true,"audioPlay":false,"sceneViewState":{"showFog":true,"showMaterialUpdate":false,"showSkybox":true,"showFlares":true,"showImageEffects":true,"showParticleSystems":true},"in2DMode":false,"pivot":{"x":-17.336902618408204,"y":-18.50985336303711,"z":22.4168701171875},"rotation":{"x":-0.18942008912563325,"y":0.09178096055984497,"z":-0.017663711681962014,"w":-0.9774975180625916},"size":78.59115600585938,"orthographic":false}