{"cameraMode":{"drawMode":0,"name":"Shaded","section":"Shading Mode"},"sceneLighting":false,"audioPlay":false,"sceneViewState":{"showFog":true,"showMaterialUpdate":false,"showSkybox":false,"showFlares":true,"showImageEffects":true,"showParticleSystems":true},"in2DMode":false,"pivot":{"x":2.2100000381469728,"y":0.1956709325313568,"z":9.489815711975098},"rotation":{"x":0.19059674441814423,"y":0.30494725704193118,"z":-0.06235956400632858,"w":0.9310894012451172},"size":1.291468620300293,"orthographic":false}